{
  "class_probs": {
    "0": 0.4972067039106145,
    "1": 0.5027932960893855
  },
  "cpds": {
    "claim_bucket": {
      "0": {
        "low": 0.08791208791208792,
        "medium": 0.10989010989010989,
        "high": 0.8021978021978022
      },
      "1": {
        "low": 0.11956521739130435,
        "medium": 0.08695652173913043,
        "high": 0.7934782608695652
      }
    },
    "signal_bucket": {
      "0": {
        "low": 0.02197802197802198,
        "medium": 0.06593406593406594,
        "high": 0.9120879120879121
      },
      "1": {
        "low": 0.06521739130434782,
        "medium": 0.043478260869565216,
        "high": 0.8913043478260869
      }
    },
    "pressure_bucket": {
      "0": {
        "low": 0.8791208791208791,
        "medium": 0.08791208791208792,
        "high": 0.03296703296703297
      },
      "1": {
        "low": 0.8260869565217391,
        "medium": 0.043478260869565216,
        "high": 0.13043478260869565
      }
    },
    "competence_bucket": {
      "0": {
        "low": 0.03296703296703297,
        "medium": 0.14285714285714285,
        "high": 0.8241758241758241
      },
      "1": {
        "low": 0.05434782608695652,
        "medium": 0.17391304347826086,
        "high": 0.7717391304347826
      }
    },
    "benevolence_bucket": {
      "0": {
        "low": 0.054945054945054944,
        "medium": 0.5164835164835165,
        "high": 0.42857142857142855
      },
      "1": {
        "low": 0.11956521739130435,
        "medium": 0.44565217391304346,
        "high": 0.43478260869565216
      }
    },
    "integrity_bucket": {
      "0": {
        "low": 0.03296703296703297,
        "medium": 0.37362637362637363,
        "high": 0.5934065934065934
      },
      "1": {
        "low": 0.08695652173913043,
        "medium": 0.32608695652173914,
        "high": 0.5869565217391305
      }
    },
    "predictability_bucket": {
      "0": {
        "low": 0.03296703296703297,
        "medium": 0.46153846153846156,
        "high": 0.5054945054945055
      },
      "1": {
        "low": 0.05434782608695652,
        "medium": 0.3804347826086957,
        "high": 0.5652173913043478
      }
    }
  },
  "bucket_columns": [
    "claim_bucket",
    "signal_bucket",
    "pressure_bucket",
    "competence_bucket",
    "benevolence_bucket",
    "integrity_bucket",
    "predictability_bucket"
  ]
}
